timestamp,probe_rtt,sosd_comm_rank,queue_depth_local,queue_depth_cloud,queue_depth_db_tasks,queue_depth_db_snaps,thread_local_wakeup,thread_cloud_wakeup,thread_db_wakeup,feedback_checkin_messages,socket_messages,socket_bytes_recv,socket_bytes_sent,mpi_sends,mpi_bytes,db_transactions,db_insert_announce,db_insert_announce_nop,db_insert_publish,db_insert_publish_nop,db_insert_val_snaps,db_insert_val_snaps_nop,buffer_creates,buffer_bytes_on_heap,buffer_destroys,pipe_creates,pub_handles,vm_peak,vm_size
1465317780.986198,0.000133,0,           0,           0,           0,           0,1,461987,462265,0,4,96,272,0,0,0,0,0,0,0,0,0,0,0,0,0,0,637200,571668
1465317781.086515,0.000215,0,           0,           0,           0,           0,1,463744,464027,0,5,120,512,0,0,0,0,0,0,0,0,0,0,0,0,0,0,637200,571668
1465317781.186765,0.000159,0,           0,           0,           0,           0,1,465501,465788,0,6,144,752,0,0,0,0,0,0,0,0,0,0,0,0,0,0,637200,571668
1465317781.286993,0.000193,0,           0,           0,           0,           0,1,467262,467549,0,7,168,992,0,0,0,0,0,0,0,0,0,0,0,0,0,0,637200,571668
1465317781.387328,0.000243,0,           0,           0,           0,           0,1,469018,469303,0,8,192,1232,0,0,0,0,0,0,0,0,0,0,0,0,0,0,637200,571668
1465317781.487615,0.000203,0,           0,           0,           0,           0,1,470778,471066,0,9,216,1472,0,0,0,0,0,0,0,0,0,0,0,0,0,0,637200,571668
1465317781.587876,0.000178,0,           0,           0,           0,           0,1,472523,472851,0,10,240,1712,0,0,0,0,0,0,0,0,0,0,0,0,0,0,637200,571668
1465317781.688098,0.000148,0,           0,           0,           0,           0,1,474286,474613,0,11,264,1952,0,0,0,0,0,0,0,0,0,0,0,0,0,0,637200,571668
1465317781.788345,0.000176,0,           0,           0,           0,           0,1,476050,476377,0,12,288,2192,0,0,0,0,0,0,0,0,0,0,0,0,0,0,637200,571668
1465317781.888576,0.000153,0,           0,           0,           0,           0,1,477807,478140,0,13,312,2432,0,0,0,0,0,0,0,0,0,0,0,0,0,0,637200,571668
1465317781.988860,0.000202,0,           0,           0,           0,           0,1,479569,479904,0,14,336,2672,0,0,0,0,0,0,0,0,0,0,0,0,0,0,637200,571668
1465317782.089105,0.000166,0,           0,           0,           0,           0,1,481327,481660,0,15,360,2912,0,0,0,0,0,0,0,0,0,0,0,0,0,0,637200,571668
1465317782.189403,0.000216,0,           0,           0,           0,           0,1,483086,483418,0,16,384,3152,0,0,0,0,0,0,0,0,0,0,0,0,0,0,637200,571668
1465317782.289697,0.000211,0,           0,           0,           0,           0,1,484849,485223,0,17,408,3392,0,0,0,0,0,0,0,0,0,0,0,0,0,0,637200,571668
1465317782.389967,0.000190,0,           0,           0,           0,           0,1,486620,486988,0,18,432,3632,0,0,0,0,0,0,0,0,0,0,0,0,0,0,637200,571668
1465317782.490270,0.000219,0,           0,           0,           0,           0,1,488382,488751,0,19,456,3872,0,0,0,0,0,0,0,0,0,0,0,0,0,0,637200,571668
1465317782.590738,0.000204,0,          11,           2,           3,           0,5,489891,490261,6,48,291592,4862,1,13760,1,1,0,0,0,0,0,0,0,0,0,4,703008,703008
1465317782.691007,0.000175,0,         292,           4,          12,       44500,188,489918,490261,6,513,10954616,16238,28,3965456,1,1,0,0,0,0,0,0,0,0,0,6,709460,709460
1465317782.791730,0.000636,0,         489,           5,           4,       19000,381,489935,490262,6,904,19957552,25838,45,8166580,1,4,0,3,0,1,0,0,0,0,0,6,714044,714044
1465317782.894878,0.003057,0,         690,           0,           4,       47000,492,490009,490262,6,1217,27142312,33566,71,11252436,1,4,0,3,0,1,0,0,0,0,0,6,718228,718228
1465317782.998378,0.003400,0,         950,          21,           4,       90500,668,490041,490262,6,1654,37160552,44270,97,14798852,1,4,0,3,0,1,0,0,0,0,0,6,724596,724596
1465317783.099970,0.001502,0,        1135,           0,           4,      125969,809,490253,490262,6,1981,44645712,52334,121,18415380,1,4,0,3,0,1,0,0,0,0,0,6,728428,728428
1465317783.201058,0.001001,0,        1243,           7,           4,      172107,995,490280,490262,6,2276,51459952,59630,148,22468416,1,4,0,3,0,1,0,0,0,0,0,6,731048,731048
1465317783.301652,0.000482,0,        1335,           0,           7,      226337,1211,490310,490262,6,2585,58552600,67262,178,27580752,2,6,0,6,0,1,0,0,0,0,0,6,733032,733032
1465317783.403127,0.001385,0,        1390,           3,           7,      283072,1440,490338,490262,6,2870,65092576,74318,206,32807184,2,6,0,6,0,1,0,0,0,0,0,6,734468,734468
1465317783.503370,0.000156,0,        1476,           6,           4,       47000,1642,490372,490263,6,3159,71724664,81470,233,37517036,2,6,0,6,3,2,0,0,0,0,0,6,736164,736164
1465317783.603921,0.000465,0,        1526,           1,           4,      105500,1874,490401,490263,6,3442,78196592,88478,262,42859648,2,6,0,6,3,2,0,0,0,0,0,6,737304,737304
1465317783.704259,0.000250,0,        1744,           2,           4,      137617,2004,490431,490263,6,3791,86232352,97070,283,45899428,2,6,0,6,3,2,0,0,0,0,0,6,742160,742160
1465317783.804768,0.000420,0,        1893,           4,           4,      171000,2139,490457,490263,6,4076,92772328,104126,309,48997316,2,6,0,6,3,2,0,0,0,0,0,6,745572,745572
1465317783.905351,0.000494,0,        2114,           2,           4,      197500,2243,490516,490263,6,4402,100245456,112166,335,51414324,2,6,0,6,3,2,0,0,0,0,0,6,750536,750536
1465317784.006879,0.001443,0,        2241,           3,           4,      237000,2403,490541,490263,6,4690,106843520,119294,360,55006792,2,6,0,6,3,2,0,0,0,0,0,6,753500,753500
1465317784.108352,0.001437,0,        2232,           1,           4,      293500,2628,490572,490263,6,4907,111839584,124718,391,60245268,2,6,0,6,3,2,0,0,0,0,0,6,753636,753636
1465317784.208669,0.000229,0,        2288,           0,           4,      339361,2812,490602,490263,6,5148,117366328,130718,421,64460548,2,6,0,6,3,2,0,0,0,0,0,6,754520,754520
1465317784.308938,0.000185,0,        2288,           9,           4,      394115,3029,490631,490263,6,5366,122374424,136166,450,69272480,2,6,0,6,3,2,0,0,0,0,0,6,755496,755496
1465317784.409233,0.000208,0,        2356,           6,           4,      452721,3264,490658,490263,6,5670,129318944,143678,477,74765284,2,6,0,6,3,2,0,0,0,0,0,6,756056,756056
1465317784.510166,0.000846,0,        2412,           1,           4,      512000,3504,490687,490263,6,5967,136157248,151022,506,80408296,2,6,0,6,3,2,0,0,0,0,0,6,757328,757328
1465317784.611042,0.000790,0,        2567,           7,           4,      560000,3693,490731,490263,12,6318,144079048,159788,536,84771704,2,6,0,6,3,2,0,0,0,0,0,6,888688,826472
1465317784.711295,0.000166,0,        2726,         119,           4,      620500,3936,490735,490263,12,6721,153336328,169676,539,85404468,2,6,0,6,3,2,0,0,0,0,0,6,888688,832604
1465317784.811902,0.000521,0,        2891,         314,           4,      669512,4131,490735,490263,12,7082,161604440,178556,539,85404468,2,6,0,6,3,2,0,0,0,0,0,6,888688,840608
1465317784.912872,0.000866,0,        3125,          18,           4,      722500,4343,490737,490263,12,7529,171874952,189500,542,99497616,2,6,0,6,3,2,0,0,0,0,0,6,888688,864724
1465317785.013974,0.001009,0,        3389,           1,           4,      761000,4496,490777,490263,12,7947,181488648,199748,564,103434456,2,6,0,6,3,2,0,0,0,0,0,6,888688,864724
1465317785.142530,0.001138,0,        3625,         191,           7,      839025,4813,490786,490263,12,8501,194212160,213260,573,106304068,3,6,0,6,6,2,0,0,0,0,0,6,888688,870352
1465317785.244094,0.001470,0,        3662,           6,           7,      899840,5054,490803,490263,12,8780,200635960,220172,589,115859716,3,6,0,6,6,2,0,0,0,0,0,6,888688,871680
1465317785.344732,0.000540,0,        3744,          12,           7,      955649,5275,490824,490263,12,9084,207602472,227684,611,121076164,3,6,0,6,6,2,0,0,0,0,0,6,888688,871680
1465317785.446857,0.002034,0,        3783,          10,           7,     1014500,5509,490847,490263,12,9358,213878144,234476,634,126544888,3,6,0,6,6,2,0,0,0,0,0,6,888688,871680
1465317785.548800,0.001830,0,        3799,           3,           7,     1077488,5762,490867,490263,12,9628,220083696,241172,653,132221884,3,6,0,6,6,2,0,0,0,0,0,6,888688,871680
1465317785.649668,0.000779,0,        3882,          31,           7,     1133500,5986,490885,490263,12,9936,227164312,248780,671,136723412,3,6,0,6,6,2,0,0,0,0,0,6,888688,872568
1465317785.750024,0.000259,0,        4029,          98,           1,       26681,6157,490886,490264,12,10255,234465248,256652,673,139406700,3,6,0,6,6,3,0,0,0,0,0,6,888688,886408
1465317785.850659,0.000536,0,        4214,           2,           1,       53000,6261,490905,490264,12,10545,241131360,263828,692,144034368,3,6,0,6,6,3,0,0,0,0,0,6,888688,888408
1465317785.951248,0.000497,0,        4321,           4,           1,      104355,6468,490926,490264,12,10860,248340184,271604,712,148513912,3,6,0,6,6,3,0,0,0,0,0,6,891116,891116
1465317786.051492,0.000156,0,        4369,          21,           1,      154227,6668,490943,490264,12,11109,254073144,277796,729,152833284,3,6,0,6,6,3,0,0,0,0,0,6,892372,892372
1465317786.152729,0.001148,0,        4442,           3,           1,      198500,6842,490966,490264,12,11357,259772080,283964,752,157276744,3,6,0,6,6,3,0,0,0,0,0,6,893636,893636
1465317786.253257,0.000421,0,        4569,           0,           1,      226636,6957,490989,490264,12,11600,265322888,290012,770,159843920,3,6,0,6,6,3,0,0,0,0,0,6,896568,896568
1465317786.354324,0.000979,0,        4602,           3,           1,      279658,7169,491045,490264,12,11846,270975768,296132,791,164701876,3,6,0,6,6,3,0,0,0,0,0,6,897452,897452
1465317786.456249,0.001815,0,        4621,           2,           1,      333500,7383,491063,490264,12,12080,276352312,301964,809,169780140,3,6,0,6,6,3,0,0,0,0,0,6,897744,897744
1465317786.557940,0.001600,0,        4608,           1,           1,      386000,7593,491082,490264,12,12278,280877856,306932,828,174628128,3,6,0,6,6,3,0,0,0,0,0,6,898628,898628
1465317786.658733,0.000702,0,        4700,           1,           1,      429213,7764,491103,490264,18,12548,286945384,313754,849,178392772,3,6,0,6,6,3,0,0,0,0,0,6,899488,899488
1465317786.759871,0.001050,0,        4907,           1,           1,      456220,7876,491171,490264,18,12868,294280344,321650,868,181110152,3,6,0,6,6,3,0,0,0,0,0,6,904072,904072
1465317786.860129,0.000173,0,        5102,           2,           1,      494000,8024,491191,490264,18,13212,302167976,330122,888,184508416,3,6,0,6,6,3,0,0,0,0,0,6,974024,974024
1465317786.961215,0.000998,0,        5386,           7,           1,      518698,8125,491211,490264,18,13598,311044776,339602,909,186833292,3,6,0,6,6,3,0,0,0,0,0,6,980504,980504
1465317787.063521,0.002215,0,        5504,           7,           1,      559500,8286,491234,490264,18,13878,317480608,346538,932,190563920,3,6,0,6,6,3,0,0,0,0,0,6,983176,983176
1465317787.165829,0.000690,0,        5511,           7,           1,      607000,8479,491256,490264,18,14079,322086232,351578,954,194997416,3,6,0,6,6,3,0,0,0,0,0,6,983468,983468
1465317787.266082,0.000166,0,        5534,           5,           1,      657500,8678,491277,490264,18,14302,327176480,357146,974,199154568,3,6,0,6,6,3,0,0,0,0,0,6,984164,984164
1465317787.366984,0.000812,0,        5547,          10,           1,      709438,8888,491298,490264,18,14526,332344736,362738,996,204334920,3,6,0,6,6,3,0,0,0,0,0,6,984300,984300
1465317787.467980,0.000906,0,        5727,           4,           1,      749451,9046,491352,490264,18,14865,340106232,371090,1016,207881312,3,6,0,6,6,3,0,0,0,0,0,6,988432,988432
1465317787.568230,0.000165,0,        5807,           5,           1,      807337,9280,491372,490264,18,15180,347337048,378866,1037,213488196,3,6,0,6,6,3,0,0,0,0,0,6,990236,990236
1465317787.668932,0.000603,0,        6002,          11,           1,      853920,9467,491393,490264,18,15563,356133768,388274,1058,217645352,3,6,0,6,6,3,0,0,0,0,0,6,994512,994512
1465317787.769215,0.000186,0,        6287,           5,           1,      889000,9606,491415,490264,18,15988,365919656,398690,1080,221007528,3,6,0,6,6,3,0,0,0,0,0,6,1000792,1000792
1465317787.869984,0.000668,0,        6520,           1,           1,      931041,9774,491438,490264,18,16390,375120920,408554,1102,224658072,3,6,0,6,6,3,0,0,0,0,0,6,1006240,1006240
1465317787.970744,0.000670,0,        6726,           2,           1,      978500,9962,491460,490264,18,16785,384193976,418250,1125,229251732,3,6,0,6,6,3,0,0,0,0,0,6,1010704,1010704
1465317788.074780,0.003940,0,        6863,           0,           1,     1027431,10160,491482,490264,18,17121,391919376,426530,1146,233581080,3,6,0,6,6,3,0,0,0,0,0,6,1014168,1014168
1465317788.177775,0.002902,0,        7013,           2,           1,     1080074,10368,491505,490264,18,17480,400163424,435362,1169,238392988,3,6,0,6,6,3,0,0,0,0,0,6,1017352,1017352
1465317788.278177,0.000301,0,        7137,           5,           1,     1138020,10604,491526,490264,18,17841,408453528,444242,1191,243977884,3,6,0,6,6,3,0,0,0,0,0,6,1019944,1019944
1465317788.378469,0.000192,0,        7270,           7,           1,     1197813,10841,491546,490264,18,18212,416951920,453362,1211,249400540,3,6,0,6,6,3,0,0,0,0,0,6,1023336,1023336
1465317788.478712,0.000152,0,        7428,           1,           1,     1259216,11087,491569,490264,18,18617,426277248,463298,1233,254951412,3,6,0,6,6,3,0,0,0,0,0,6,1026584,1026584
1465317788.579169,0.000370,0,        7635,           7,           1,     1314500,11307,491591,490264,18,19045,436121224,473786,1255,259867460,3,6,0,6,6,3,0,0,0,0,0,6,1031336,1031336
1465317788.679831,0.000577,0,        7866,           3,           1,     1369000,11523,491611,490264,24,19499,446425904,485024,1275,264957764,3,6,0,6,6,3,0,0,0,0,0,6,1162404,1102000
1465317788.780740,0.000815,0,        8073,           6,           1,     1418500,11725,491727,490264,24,19909,455833384,495080,1295,269655556,3,6,0,6,6,3,0,0,0,0,0,6,1162404,1106652
1465317788.881027,0.000202,0,        8375,           3,           1,     1449000,11844,491760,490264,24,20331,465517200,505424,1311,272418980,3,6,0,6,6,3,0,0,0,0,0,6,1162404,1113384
1465317788.981268,0.000153,0,        8633,           3,           1,     1499500,12046,491781,490264,24,20792,476088112,516704,1332,276978608,3,6,0,6,6,3,0,0,0,0,0,6,1162404,1119240
1465317789.081509,0.000158,0,        8821,           2,           1,     1561000,12294,491802,490264,24,21229,486150336,527408,1353,282631548,3,6,0,6,6,3,0,0,0,0,0,6,1162404,1123528
1465317789.182513,0.000908,0,        8996,          10,           1,     1616222,12514,491822,490264,24,21625,495235424,537128,1374,287857952,3,6,0,6,6,3,0,0,0,0,0,6,1162404,1127672
1465317789.283627,0.001036,0,        9047,           5,           1,     1680500,12772,491842,490264,24,21935,502362096,544784,1393,293673116,3,6,0,6,6,3,0,0,0,0,0,6,1162404,1129084
1465317789.384182,0.000464,0,        9102,           7,           1,     1743151,13021,491863,490264,24,22240,509362632,552320,1415,299580404,3,6,0,6,6,3,0,0,0,0,0,6,1162404,1129932
1465317789.486716,0.002447,0,        9171,          12,           1,     1801008,13254,491885,490264,24,22543,516317112,559808,1437,304830876,3,6,0,6,6,3,0,0,0,0,0,6,1162404,1131656
1465317789.587980,0.001175,0,        9223,           6,           1,     1865240,13511,491908,490264,24,22853,523421792,567464,1459,310668044,3,6,0,6,6,3,0,0,0,0,0,6,1162404,1132644
1465317789.688940,0.000856,0,        9461,           0,           1,     1903500,13664,491931,490264,24,23245,532436760,577088,1482,314388712,3,6,0,6,6,3,0,0,0,0,0,6,1162404,1137896
1465317789.789707,0.000668,0,        9660,          12,           1,     1949000,13846,491952,490264,24,23627,541199456,586472,1504,318463720,3,6,0,6,6,3,0,0,0,0,0,6,1162404,1142492
1465317789.890052,0.000247,0,        9789,           4,           1,     1999000,14044,491972,490264,24,23955,548740632,594560,1524,323185576,3,6,0,6,6,3,0,0,0,0,0,6,1162404,1145292
1465317789.990727,0.000578,0,        9979,           6,           1,     2044500,14229,491995,490264,24,24331,557387152,603800,1547,327432780,3,6,0,6,6,3,0,0,0,0,0,6,1162404,1149604
1465317790.091001,0.000188,0,       10173,           2,           1,     2088958,14404,492033,490264,24,24701,565895504,612896,1568,331325632,3,6,0,6,6,3,0,0,0,0,0,6,1162404,1154012
1465317790.191382,0.000294,0,       10266,           2,           1,     2143500,14622,492056,490264,24,25013,573024248,620600,1591,336345828,3,6,0,6,6,3,0,0,0,0,0,6,1162404,1156096
1465317790.291642,0.000168,0,       10325,           3,           1,     2204587,14868,492078,490264,24,25319,580036816,628160,1613,341952716,3,6,0,6,6,3,0,0,0,0,0,6,1223072,1223072
1465317790.391969,0.000229,0,       10441,           7,           1,     2259108,15084,492094,490264,24,25652,587682136,636368,1629,347099020,3,6,0,6,6,3,0,0,0,0,0,6,1225900,1225900
1465317790.493129,0.001059,0,       10549,           1,           1,     2313146,15301,492116,490264,24,25978,595177256,644408,1650,351971080,3,6,0,6,6,3,0,0,0,0,0,6,1228136,1228136
1465317790.593423,0.000195,0,       10667,           7,           1,     2367066,15517,492138,490264,29,26318,602890744,652889,1673,357037332,3,6,0,6,6,3,0,0,0,0,0,6,1230888,1230888
1465317790.693961,0.000446,0,       10862,           1,           1,     2417500,15718,492159,490264,30,26716,612009880,662678,1693,361701100,3,6,0,6,6,3,0,0,0,0,0,6,1235044,1235044
1465317790.794281,0.000220,0,       11137,           8,           1,     2458500,15884,492197,490264,30,27158,622154256,673502,1716,365465752,3,6,0,6,6,3,0,0,0,0,0,6,1241428,1241428
1465317790.896059,0.001677,0,       11403,           0,           1,     2497000,16038,492219,490264,30,27579,631804048,683822,1737,369126252,3,6,0,6,6,3,0,0,0,0,0,6,1247284,1247284
1465317790.996462,0.000315,0,       11589,           5,           1,     2551000,16254,492241,490264,30,27982,641105312,693710,1759,373848116,3,6,0,6,6,3,0,0,0,0,0,6,1251600,1251600
1465317791.097181,0.000616,0,       11691,           2,           1,     2606009,16475,492262,490264,30,28306,648532384,701702,1780,378994440,3,6,0,6,6,3,0,0,0,0,0,6,1253900,1253900
1465317791.199789,0.002511,0,       11702,           2,           1,     2665271,16712,492284,490264,30,28555,654243352,707894,1802,384441168,3,6,0,6,6,3,0,0,0,0,0,6,1254628,1254628
1465317791.301156,0.001273,0,       11738,           7,           1,     2712578,16901,492306,490264,30,28781,659413680,713534,1825,388930684,3,6,0,6,6,3,0,0,0,0,0,6,1255204,1255204
1465317791.402846,0.001596,0,       11728,           4,           1,     2766500,17116,492329,490264,30,28987,664123448,718694,1848,393972872,3,6,0,6,6,3,0,0,0,0,0,6,1255204,1255204
1465317791.503297,0.000346,0,       11772,           7,           1,     2813753,17304,492352,490264,30,29220,669487960,724502,1871,398200156,3,6,0,6,6,3,0,0,0,0,0,6,1255776,1255776
1465317791.607152,0.000844,0,       11826,           2,           1,     2851548,17456,492376,490264,30,29427,674231752,729686,1894,401664408,3,6,0,6,6,3,0,0,0,0,0,6,1256904,1256904
1465317791.707543,0.000301,0,       11940,           1,           1,     2876286,17555,492398,490264,30,29641,679103752,735038,1916,404025384,3,6,0,6,6,3,0,0,0,0,0,6,1259304,1259304
1465317791.807788,0.000162,0,       12145,           3,           7,     2893000,17621,492890,490264,30,29913,685333368,741782,1932,405339080,4,6,0,6,12,3,0,0,0,0,0,6,1260756,1255264
1465317791.908589,0.000717,0,       12318,           5,           7,     2945500,17833,492953,490264,30,30299,694232160,751262,1954,410221104,4,6,0,6,12,3,0,0,0,0,0,6,1260756,1259072
1465317792.008945,0.000272,0,       12614,           3,           7,     2991000,18011,492976,490264,30,30774,705147456,762878,1977,414366236,4,6,0,6,12,3,0,0,0,0,0,6,1265728,1265728
1465317792.111362,0.002368,0,       12736,           0,           7,     3047398,18238,492998,490264,30,31124,713217240,771494,1999,419638700,4,6,0,6,12,3,0,0,0,0,0,6,1268596,1268596
1465317792.212170,0.000721,0,       12827,           6,           7,     3102000,18457,493018,490264,30,31435,720311960,779174,2020,424797056,4,6,0,6,12,3,0,0,0,0,0,6,1270556,1270556
1465317792.312482,0.000225,0,       12810,           6,           7,     3164923,18711,493041,490264,30,31673,725802608,785102,2042,430359960,4,6,0,6,12,3,0,0,0,0,0,6,1270992,1270992
1465317792.413405,0.000836,0,       12873,           2,           7,     3218500,18922,493064,490264,30,31948,732068320,791918,2065,435356092,4,6,0,6,12,3,0,0,0,0,0,6,1271836,1271836
1465317792.514765,0.001273,0,       12959,           7,           1,        6405,19082,493166,490265,30,32195,737755224,798062,2085,439166788,4,6,0,6,12,4,0,0,0,0,0,6,1298944,1298944
1465317792.617332,0.002471,0,       13088,           4,           1,       43000,19228,493188,490265,36,32477,744077096,805172,2107,442621076,4,6,0,6,12,4,0,0,0,0,0,6,1301780,1301780
1465317792.718574,0.001141,0,       13118,           1,           1,       93000,19430,493210,490265,36,32710,749419616,810980,2128,447088592,4,6,0,6,12,4,0,0,0,0,0,6,1302628,1302628
1465317792.819457,0.000794,0,       13338,           5,           1,      118500,19530,493230,490265,36,33031,756788600,818900,2149,449563668,4,6,0,6,12,4,0,0,0,0,0,6,1307368,1307368
1465317792.920082,0.000536,0,       13589,           4,           1,      152290,19664,493247,490265,36,33417,765687392,828380,2166,452627496,4,6,0,6,12,4,0,0,0,0,0,6,1313120,1313120
1465317793.021055,0.000884,0,       13897,           1,           1,      187500,19807,493257,490265,36,33869,776040056,839444,2175,455701252,4,6,0,6,12,4,0,0,0,0,0,6,1320124,1320124
1465317793.122944,0.001803,0,       13970,           6,           1,      233267,19989,493277,490265,36,34125,781923216,845804,2196,460054664,4,6,0,6,12,4,0,0,0,0,0,6,1322276,1322276
1465317793.227296,0.004237,0,       14017,           6,           1,      289500,20214,493301,490265,36,34398,788186856,852572,2219,464982748,4,6,0,6,12,4,0,0,0,0,0,6,1323128,1323128
1465317793.327615,0.000216,0,       14040,           5,           1,      338725,20412,493347,490265,36,34620,793265072,858116,2240,469818712,4,6,0,6,12,4,0,0,0,0,0,6,1323408,1323408
1465317793.429565,0.001860,0,       14049,           2,           1,      396000,20639,493369,490265,36,34857,798721696,864020,2261,474931012,4,6,0,6,12,4,0,0,0,0,0,6,1323544,1323544
1465317793.539701,0.007015,0,       14070,          10,           1,      450000,20857,493393,490265,36,35097,804236408,869996,2286,479985240,4,6,0,6,12,4,0,0,0,0,0,6,1324408,1324408
1465317793.641437,0.001643,0,       14065,           5,           1,      508000,21088,493414,490265,36,35324,809418768,875660,2306,484763112,4,6,0,6,12,4,0,0,0,0,0,6,1324824,1324824
1465317793.743663,0.002127,0,       13987,          11,           1,      574500,21355,493436,490265,36,35514,813804072,880436,2329,491407300,4,6,0,6,12,4,0,0,0,0,0,6,1324824,1324824
1465317793.845215,0.001449,0,       13958,           7,           1,      632500,21588,493489,490265,36,35719,818479816,885572,2351,496623748,4,6,0,6,12,4,0,0,0,0,0,6,1324824,1324824
1465317793.946035,0.000733,0,       13946,           3,           1,      689687,21818,493508,490265,36,35938,823477952,891044,2370,501447672,4,6,0,6,12,4,0,0,0,0,0,6,1324824,1324824
1465317794.046524,0.000389,0,       14039,          10,           1,      747000,22047,493517,490265,36,36261,830914984,899012,2380,507354912,4,6,0,6,12,4,0,0,0,0,0,6,1324824,1324824
1465317794.147530,0.000920,0,       14025,           1,           1,      809500,22295,493537,490265,36,36496,836259576,904868,2399,512985852,4,6,0,6,12,4,0,0,0,0,0,6,1324824,1324824
1465317794.248042,0.000425,0,       14111,           2,           1,      859000,22493,493560,490265,36,36781,842821544,911924,2422,517797760,4,6,0,6,12,4,0,0,0,0,0,6,1324824,1324824
1465317794.349442,0.001312,0,       14174,           6,           1,      907000,22683,493711,490265,36,37035,848680640,918236,2441,521528372,4,6,0,6,12,4,0,0,0,0,0,6,1456180,1392220
1465317794.452001,0.002472,0,       14223,          13,           1,      962000,22905,493727,490265,36,37307,854888264,924980,2458,527077152,4,6,0,6,12,4,0,0,0,0,0,6,1456180,1393604
1465317794.553626,0.001526,0,       14210,           3,           1,     1014843,23117,493749,490265,36,37507,859459864,929996,2479,531971204,4,6,0,6,12,4,0,0,0,0,0,6,1456180,1393604
1465317794.654444,0.000731,0,       14242,           8,           1,     1060000,23300,493771,490265,42,37729,864444040,935666,2502,536288528,4,6,0,6,12,4,0,0,0,0,0,6,1456180,1393604
1465317794.759291,0.004740,0,       14346,           8,           1,     1120500,23539,493786,490265,42,38073,872331672,944138,2517,541759292,4,6,0,6,12,4,0,0,0,0,0,6,1456180,1396108
1465317794.859594,0.000206,0,       14565,           0,           1,     1160370,23698,493801,490265,42,38452,881036280,953450,2531,545431796,4,6,0,6,12,4,0,0,0,0,0,6,1456180,1400668
1465317794.960146,0.000465,0,       14694,           8,           1,     1198025,23851,493830,490265,42,38735,887530200,960458,2550,548966152,4,6,0,6,12,4,0,0,0,0,0,6,1456180,1403672
1465317795.065138,0.004904,0,       14866,          99,           1,     1231562,23984,493869,490265,42,39041,894542768,968018,2555,549933348,4,6,0,6,12,4,0,0,0,0,0,6,1456180,1409584
1465317795.170035,0.004812,0,       14852,           3,           1,     1288000,24210,493891,490265,42,39254,899446720,973346,2576,557084144,4,6,0,6,12,4,0,0,0,0,0,6,1456180,1409740
1465317795.272832,0.002706,0,       14905,           7,           1,     1326073,24363,493920,490265,42,39461,904168520,978530,2599,560768716,4,6,0,6,12,4,0,0,0,0,0,6,1456180,1409740
1465317795.373549,0.000627,0,       14954,           3,           1,     1367585,24529,493934,490265,42,39677,909130560,983930,2612,564315080,4,6,0,6,12,4,0,0,0,0,0,6,1456180,1410212
1465317795.474905,0.001265,0,       14952,           7,           1,     1418255,24731,493981,490265,42,39878,913758176,988970,2635,569243164,4,6,0,6,12,4,0,0,0,0,0,6,1456180,1410212
1465317795.575340,0.000353,0,       14901,           4,           1,     1479000,24972,494004,490265,42,40069,918111528,993770,2657,574597780,4,6,0,6,12,4,0,0,0,0,0,6,1456180,1410212
1465317795.678677,0.003246,0,       14977,           1,           1,     1519000,25133,494028,490265,42,40307,923558192,999698,2681,578248332,4,6,0,6,12,4,0,0,0,0,0,6,1456180,1410212
1465317795.780179,0.001412,0,       15044,           6,           1,     1558002,25289,494063,490265,42,40531,928726448,1005290,2703,582127084,4,6,0,6,12,4,0,0,0,0,0,6,1456180,1411504
1465317795.888334,0.008066,0,       15104,          28,           1,     1608000,25491,494086,490265,42,40794,934759808,1011818,2725,586090060,4,6,0,6,12,4,0,0,0,0,0,6,1456180,1413508
1465317795.990393,0.001969,0,       15132,          11,           1,     1664494,25714,494107,490265,42,41046,940506872,1018082,2747,591777028,4,6,0,6,12,4,0,0,0,0,0,6,1456180,1413956
1465317796.093821,0.002824,0,       15180,           4,           1,     1713881,25912,494129,490265,42,41293,946171784,1024226,2768,596348688,4,6,0,6,12,4,0,0,0,0,0,6,1545156,1480196
1465317796.194183,0.000275,0,       15179,           0,           1,     1761000,26100,494151,490265,42,41481,950511032,1028954,2790,600850232,4,6,0,6,12,4,0,0,0,0,0,6,1545156,1480328
1465317796.294599,0.000299,0,       15221,           2,           1,     1802686,26266,494171,490265,42,41690,955278888,1034186,2811,604706988,4,6,0,6,12,4,0,0,0,0,0,6,1545156,1481036
1465317796.394856,0.000169,0,       15314,           9,           1,     1834645,26397,494193,490265,42,41915,960415192,1039802,2832,607412344,4,6,0,6,12,4,0,0,0,0,0,6,1545156,1483160
1465317796.495361,0.000387,0,       15363,           8,           1,     1884910,26594,494212,490265,42,42162,966102096,1045946,2852,612122168,4,6,0,6,12,4,0,0,0,0,0,6,1545156,1484340
1465317796.597236,0.001782,0,       15367,           7,           1,     1932500,26787,494238,490265,45,42363,970627712,1051049,2871,616589676,4,6,0,6,12,4,0,0,0,0,0,6,1545156,1485192
1465317796.705556,0.000355,0,       15415,           3,           1,     1983360,26992,494259,490265,48,42620,976442896,1057496,2891,621241412,4,6,0,6,12,4,0,0,0,0,0,6,1545156,1485468
1465317796.805949,0.000309,0,       15583,           2,           1,     2016182,27122,494280,490265,48,42919,983305264,1064888,2912,624189080,4,6,0,6,12,4,0,0,0,0,0,6,1545156,1489328
1465317796.906232,0.000191,0,       15758,           1,           1,     2044000,27233,494386,490265,48,43206,989891296,1071992,2931,626998572,4,6,0,6,12,4,0,0,0,0,0,6,1545156,1493076
1465317797.006486,0.000167,0,       15924,           2,           1,     2084657,27397,494406,490265,48,43537,997490560,1080152,2951,630625044,4,6,0,6,12,4,0,0,0,0,0,6,1545156,1496912
1465317797.112697,0.006115,0,       15936,           9,           1,     2140913,27620,494424,490265,48,43773,1002913160,1086032,2969,635380916,4,6,0,6,12,4,0,0,0,0,0,6,1545156,1498904
1465317797.216447,0.003641,0,       16056,           6,           1,     2170587,27740,494480,490265,48,44014,1008439904,1092032,2988,638294552,4,6,0,6,12,4,0,0,0,0,0,6,1545156,1500508
1465317797.320016,0.003479,0,       15972,          10,           1,     2229139,27975,494502,490265,48,44166,1011928152,1095896,3011,643867420,4,6,0,6,12,4,0,0,0,0,0,6,1545156,1500508
1465317797.420460,0.000353,0,       15963,           5,           1,     2279000,28175,494525,490265,48,44358,1016337520,1100720,3033,648380996,4,6,0,6,12,4,0,0,0,0,0,6,1545156,1500508
1465317797.523149,0.002600,0,       15984,           6,           1,     2332500,28386,494544,490265,48,44591,1021680040,1106528,3052,653192888,4,6,0,6,12,4,0,0,0,0,0,6,1545156,1500508
1465317797.625131,0.001893,0,       16026,          13,           1,     2380000,28575,494564,490265,48,44823,1026988536,1112312,3072,657396096,4,6,0,6,12,4,0,0,0,0,0,6,1545156,1500508
1465317797.726511,0.001294,0,       16066,          14,           1,     2430500,28780,494645,490265,48,45069,1032641416,1118432,3094,662336208,4,6,0,6,12,4,0,0,0,0,0,6,1545156,1500508
1465317797.826855,0.000242,0,       16139,           3,           1,     2486615,29007,494668,490265,48,45370,1039527848,1125872,3117,667804932,4,6,0,6,12,4,0,0,0,0,0,6,1545156,1501808
1465317797.927526,0.000579,0,       16327,           1,           1,     2519000,29135,494686,490265,48,45687,1046804720,1133696,3134,670672504,4,6,0,6,12,4,0,0,0,0,0,6,1545156,1506072
1465317798.028230,0.000609,0,       16502,           5,           1,     2550707,29262,494818,490265,48,45990,1053781192,1141184,3154,673642160,4,6,0,6,12,4,0,0,0,0,0,6,1575612,1575612
1465317798.128509,0.000192,0,       16585,           4,           1,     2601655,29465,494837,490265,48,46277,1060345232,1148288,3172,678087672,4,6,0,6,12,4,0,0,0,0,0,6,1577748,1577748
1465317798.229918,0.001302,0,       16532,           0,           1,     2660606,29700,494857,490265,48,46460,1064558344,1152896,3192,683636464,4,6,0,6,12,4,0,0,0,0,0,6,1577748,1577748
1465317798.330184,0.000179,0,       16533,          11,           1,     2711349,29902,494899,490265,48,46664,1069200064,1158008,3209,687735516,4,6,0,6,12,4,0,0,0,0,0,6,1577748,1577748
1465317798.430729,0.000461,0,       16524,          15,           1,     2764500,30114,494917,490265,48,46868,1073907760,1163120,3227,692755692,4,6,0,6,12,4,0,0,0,0,0,6,1577748,1577748
1465317798.531422,0.000606,0,       16562,           5,           1,     2818500,30332,494940,490265,48,47125,1079780960,1169504,3250,698202424,4,6,0,6,12,4,0,0,0,0,0,6,1577748,1577748
1465317798.631723,0.000215,0,       16606,           2,           1,     2866825,30524,494961,490265,54,47368,1085193744,1175678,3271,702497748,4,6,0,6,12,4,0,0,0,0,0,6,1578340,1578340
1465317798.733051,0.001239,0,       16726,           4,           1,     2907047,30685,494981,490265,54,47650,1091719616,1182662,3291,706250356,4,6,0,6,12,4,0,0,0,0,0,6,1580644,1580644
1465317798.833690,0.000538,0,       16757,           9,           1,     2962000,30904,494998,490265,54,47901,1097476640,1188902,3309,711362644,4,6,0,6,12,4,0,0,0,0,0,6,1581484,1581484
1465317798.934276,0.000526,0,       16877,           2,           1,     3003000,31071,495025,490265,54,48189,1104074704,1196030,3330,715265456,4,6,0,6,12,4,0,0,0,0,0,6,1584088,1584088
1465317799.034647,0.000298,0,       16727,           2,           1,     3055875,31279,495047,490265,54,48248,1105432344,1197662,3352,719895208,4,6,0,6,12,4,0,0,0,0,0,6,1584224,1584224
1465317799.135224,0.000470,0,       16377,          15,           1,     3142691,31629,495069,490265,54,48249,1105432368,1197902,3375,727909044,4,6,0,6,12,4,0,0,0,0,0,6,1584224,1584224
1465317799.235790,0.000460,0,       16042,          12,           1,     3226500,31964,495091,490265,54,48250,1105432392,1198142,3397,735692596,4,6,0,6,12,4,0,0,0,0,0,6,1584224,1584224
1465317799.336187,0.000295,0,       15692,           2,           1,     3314118,32314,495114,490265,54,48251,1105432416,1198382,3419,743636308,4,6,0,6,12,4,0,0,0,0,0,6,1584224,1584224
1465317799.436555,0.000276,0,       15340,           9,           1,     3401500,32666,495136,490265,54,48252,1105432440,1198622,3441,751548068,4,6,0,6,12,4,0,0,0,0,0,6,1715292,1649760
1465317799.537096,0.000438,0,       14966,          14,           1,     3495982,33040,495158,490265,54,48253,1105432464,1198862,3464,760446928,4,6,0,6,12,4,0,0,0,0,0,6,1715292,1649760
1465317799.637460,0.000266,0,       14585,           8,           1,     3591000,33421,495181,490265,54,48254,1105432488,1199102,3486,768967376,4,6,0,6,12,4,0,0,0,0,0,6,1715292,1649760
1465317799.737837,0.000279,0,       14198,           1,           1,     3688000,33808,495204,490265,54,48255,1105432512,1199342,3509,778042572,4,6,0,6,12,4,0,0,0,0,0,6,1715292,1649760
1465317799.838305,0.000368,0,       13820,          15,           1,     3781709,34186,495226,490265,54,48256,1105432536,1199582,3532,786781272,4,6,0,6,12,4,0,0,0,0,0,6,1715292,1649760
1465317799.938697,0.000304,0,       13441,          10,           1,     3877000,34565,495249,490265,54,48257,1105432560,1199822,3554,795243632,4,6,0,6,12,4,0,0,0,0,0,6,1715292,1649760
1465317800.039171,0.000372,0,       13059,           0,           1,     3972500,34947,495272,490265,54,48258,1105432584,1200062,3577,804304724,4,6,0,6,12,4,0,0,0,0,0,6,1715292,1649760
1465317800.139631,0.000366,0,       12786,           0,           1,     4040681,35220,495295,490265,54,48259,1105432608,1200302,3600,810706600,4,6,0,6,12,4,0,0,0,0,0,6,1715292,1649760
1465317800.239994,0.000278,0,       12533,           0,           1,     4103491,35473,495318,490265,54,48260,1105432632,1200542,3623,816465764,4,6,0,6,12,4,0,0,0,0,0,6,1715292,1649760
1465317800.340325,0.000242,0,       12280,           2,           1,     4167035,35726,495341,490265,54,48261,1105432656,1200782,3646,822302936,4,6,0,6,12,4,0,0,0,0,0,6,1715292,1649760
1465317800.440731,0.000319,0,       11994,           3,           1,     4238500,36012,495363,490265,54,48262,1105432680,1201022,3668,828886960,4,6,0,6,12,4,0,0,0,0,0,6,1715296,1715296
1465317800.541116,0.000298,0,       11741,           7,           1,     4301500,36265,495384,490265,54,48263,1105432704,1201262,3689,834610020,4,6,0,6,12,4,0,0,0,0,0,6,1715296,1715296
1465317800.641650,0.000426,0,       11488,          12,           1,     4365012,36518,495406,490265,54,48264,1105432728,1201502,3712,840585360,4,6,0,6,12,4,0,0,0,0,0,6,1715296,1715296
1465317800.742170,0.000419,0,       11239,           7,           1,     4427497,36767,495429,490265,54,48265,1105432752,1201742,3735,846390580,4,6,0,6,12,4,0,0,0,0,0,6,1715296,1715296
1465317800.842517,0.000261,0,       10994,           0,           1,     4488857,37012,495453,490265,54,48266,1105432776,1201982,3758,851951416,4,6,0,6,12,4,0,0,0,0,0,6,1715296,1715296
1465317800.942873,0.000271,0,       10752,           0,           1,     4548947,37254,495476,490265,54,48267,1105432800,1202222,3781,857534244,4,6,0,6,12,4,0,0,0,0,0,6,1715296,1715296
1465317801.043218,0.000250,0,       10509,           2,           1,     4610130,37497,495499,490265,54,48268,1105432824,1202462,3804,863085120,4,6,0,6,12,4,0,0,0,0,0,6,1715296,1715296
1465317801.143561,0.000252,0,       10260,           3,           1,     4672500,37746,495522,490265,54,48269,1105432848,1202702,3827,868830180,4,6,0,6,12,4,0,0,0,0,0,6,1715296,1715296
1465317801.244030,0.000370,0,       10030,           7,           1,     4729985,37976,495586,490265,54,48270,1105432872,1202942,3850,874242888,4,6,0,6,12,4,0,0,0,0,0,6,1715296,1715296
1465317801.344388,0.000270,0,        9742,           1,           1,     4801500,38264,495609,490265,54,48271,1105432896,1203182,3872,880724840,4,6,0,6,12,4,0,0,0,0,0,6,1715296,1715296
1465317801.444877,0.000395,0,        9488,          10,           1,     4864750,38518,495631,490265,54,48272,1105432920,1203422,3895,886688148,4,6,0,6,12,4,0,0,0,0,0,6,1715296,1715296
1465317801.545220,0.000258,0,        9232,           6,           1,     4929500,38774,495654,490265,54,48273,1105432944,1203662,3917,892411212,4,6,0,6,12,4,0,0,0,0,0,6,1715296,1715296
1465317801.645604,0.000290,0,        8980,           4,           1,     4992927,39026,495677,490265,54,48274,1105432968,1203902,3940,898214360,4,6,0,6,12,4,0,0,0,0,0,6,1715296,1715296
1465317801.745980,0.000292,0,        8726,           2,           1,     5055500,39280,495700,490265,54,48275,1105432992,1204142,3963,904111692,4,6,0,6,12,4,0,0,0,0,0,6,1846364,1780832
1465317801.846338,0.000266,0,        8473,           1,           1,     5119000,39533,495723,490265,54,48276,1105433016,1204382,3986,910004880,4,6,0,6,12,4,0,0,0,0,0,6,1846364,1780832
1465317801.946782,0.000348,0,        8221,           0,           1,     5181258,39785,495746,490265,54,48277,1105433040,1204622,4009,915808028,4,6,0,6,12,4,0,0,0,0,0,6,1846364,1780832
1465317802.047156,0.000288,0,        7966,           4,           1,     5245434,40040,495767,490265,54,48278,1105433064,1204862,4030,921565112,4,6,0,6,12,4,0,0,0,0,0,6,1846364,1780832
1465317802.147499,0.000256,0,        7655,           1,           1,     5323687,40351,495790,490265,54,48279,1105433088,1205102,4053,928691852,4,6,0,6,12,4,0,0,0,0,0,6,1846364,1780832
1465317802.247951,0.000363,0,        7357,           8,           1,     5397559,40649,495812,490265,54,48280,1105433112,1205342,4076,935818592,4,6,0,6,12,4,0,0,0,0,0,6,1846364,1780832
1465317802.348302,0.000261,0,        7066,           4,           1,     5470634,40940,495835,490265,54,48281,1105433136,1205582,4098,942302616,4,6,0,6,12,4,0,0,0,0,0,6,1846364,1780832
1465317802.448768,0.000372,0,        6807,          18,           1,     5535014,41199,495857,490265,54,48282,1105433160,1205822,4121,948209908,4,6,0,6,12,4,0,0,0,0,0,6,1846364,1780832
1465317802.549117,0.000272,0,        6458,          10,           1,     5622500,41548,495880,490265,54,48283,1105433184,1206062,4143,956095532,4,6,0,6,12,4,0,0,0,0,0,6,1846364,1780832
1465317802.649644,0.000429,0,        6163,           9,           1,     5697000,41843,495902,490265,54,48284,1105433208,1206302,4166,963248408,4,6,0,6,12,4,0,0,0,0,0,6,1846364,1780832
1465317802.750021,0.000289,0,        5896,           1,           1,     5763224,42110,495925,490265,54,48285,1105433232,1206542,4188,969291792,4,6,0,6,12,4,0,0,0,0,0,6,1846364,1780832
1465317802.850368,0.000258,0,        5605,           4,           1,     5835722,42401,495947,490265,54,48286,1105433256,1206782,4210,975911912,4,6,0,6,12,4,0,0,0,0,0,6,1846364,1780832
1465317802.950934,0.000463,0,        5314,          11,           1,     5908771,42692,495969,490265,54,48287,1105433280,1207022,4233,982752356,4,6,0,6,12,4,0,0,0,0,0,6,1846368,1846368
1465317803.051257,0.000278,0,        5019,           3,           1,     5982741,42987,495992,490265,54,48288,1105433304,1207262,4255,989418532,4,6,0,6,12,4,0,0,0,0,0,6,1846368,1846368
1465317803.151744,0.000389,0,        4733,          11,           1,     6054500,43273,496014,490265,54,48289,1105433328,1207502,4278,996176824,4,6,0,6,12,4,0,0,0,0,0,6,1846368,1846368
1465317803.252184,0.000347,0,        4479,           7,           1,     6117511,43527,496037,490265,54,48290,1105433352,1207742,4300,1001841800,4,6,0,6,12,4,0,0,0,0,0,6,1846368,1846368
1465317803.352507,0.000237,0,        4230,           4,           1,     6179563,43776,496059,490265,54,48291,1105433376,1207982,4322,1007404704,4,6,0,6,12,4,0,0,0,0,0,6,1846368,1846368
1465317803.453025,0.000419,0,        3969,           9,           1,     6244500,44037,496081,490265,54,48292,1105433400,1208222,4345,1013782516,4,6,0,6,12,4,0,0,0,0,0,6,1846368,1846368
1465317803.553393,0.000275,0,        3687,           4,           1,     6315500,44319,496104,490265,54,48293,1105433424,1208462,4367,1020104308,4,6,0,6,12,4,0,0,0,0,0,6,1846368,1846368
1465317803.653731,0.000253,0,        3414,           3,           1,     6383723,44592,496129,490265,54,48294,1105433448,1208702,4390,1026470088,4,6,0,6,12,4,0,0,0,0,0,6,1846368,1846368
1465317803.754078,0.000263,0,        3166,           2,           1,     6445500,44840,496152,490265,54,48295,1105433472,1208942,4413,1032171164,4,6,0,6,12,4,0,0,0,0,0,6,1846368,1846368
1465317803.854601,0.000414,0,        2917,          10,           1,     6507554,45089,496174,490265,54,48296,1105433496,1209182,4436,1037974312,4,6,0,6,12,4,0,0,0,0,0,6,1846368,1846368
1465317803.954932,0.000243,0,        2670,           6,           1,     6569500,45336,496197,490265,54,48297,1105433520,1209422,4458,1043501120,4,6,0,6,12,4,0,0,0,0,0,6,1846368,1846368
1465317804.055445,0.000450,0,        2396,          11,           1,     6638413,45610,496219,490265,54,48298,1105433544,1209662,4481,1049949052,4,6,0,6,12,4,0,0,0,0,0,6,1846368,1846368
1465317804.155836,0.000301,0,        2119,           2,           1,     6707500,45887,496242,490265,54,48299,1105433568,1209902,4503,1056292836,4,6,0,6,12,4,0,0,0,0,0,6,1977436,1911904
1465317804.256418,0.000478,0,        1867,          10,           1,     6770122,46139,496264,490265,54,48300,1105433592,1210142,4526,1062198056,4,6,0,6,12,4,0,0,0,0,0,6,1977436,1911904
1465317804.357010,0.000491,0,        1614,           8,           1,     6833780,46392,496286,490265,54,48301,1105433616,1210382,4548,1068037296,4,6,0,6,12,4,0,0,0,0,0,6,1977436,1911904
1465317804.457650,0.000536,0,        1365,           9,           1,     6896000,46641,496309,490265,54,48302,1105433640,1210622,4571,1073748332,4,6,0,6,12,4,0,0,0,0,0,6,1977436,1911904
1465317804.558247,0.000484,0,        1129,           8,           1,     6955000,46877,496331,490265,54,48303,1105433664,1210862,4593,1079229084,4,6,0,6,12,4,0,0,0,0,0,6,1977436,1911904
1465317804.658815,0.000448,0,         792,          11,           1,     7039500,47214,496352,490265,54,48304,1105433688,1211102,4614,1086908488,4,6,0,6,12,4,0,0,0,0,0,6,1977436,1911904
1465317804.759233,0.000323,0,         442,           3,           1,     7127000,47564,496375,490265,54,48305,1105433712,1211342,4636,1094796184,4,6,0,6,12,4,0,0,0,0,0,6,1977436,1911904
1465317804.859626,0.000305,0,          97,           2,           1,     7213500,47909,496397,490265,54,48306,1105433736,1211582,4658,1102751928,4,6,0,6,12,4,0,0,0,0,0,6,1977436,1911904
1465317804.959937,0.000229,0,           0,           0,           1,     7238000,48007,497320,490265,54,48307,1105433760,1211822,4666,1105445200,4,6,0,6,12,4,0,0,0,0,0,6,1977436,1784656
1465317805.060235,0.000218,0,           0,           0,           1,     7238000,48007,499005,490265,54,48308,1105433784,1212062,4666,1105445200,4,6,0,6,12,4,0,0,0,0,0,6,1977436,1784656
1465317805.160544,0.000227,0,           0,           0,           1,     7238000,48007,500743,490265,54,48309,1105433808,1212302,4666,1105445200,4,6,0,6,12,4,0,0,0,0,0,6,1977436,1784656
1465317805.260851,0.000227,0,           0,           0,           1,     7238000,48007,502469,490265,54,48310,1105433832,1212542,4666,1105445200,4,6,0,6,12,4,0,0,0,0,0,6,1977436,1784656
1465317805.361134,0.000203,0,           0,           0,           1,     7238000,48007,504231,490265,54,48311,1105433856,1212782,4666,1105445200,4,6,0,6,12,4,0,0,0,0,0,6,1977436,1784656
1465317805.461420,0.000208,0,           0,           0,           1,     7238000,48007,505987,490265,54,48312,1105433880,1213022,4666,1105445200,4,6,0,6,12,4,0,0,0,0,0,6,1977436,1784656
1465317805.561708,0.000210,0,           0,           0,           1,     7238000,48007,507740,490265,54,48313,1105433904,1213262,4666,1105445200,4,6,0,6,12,4,0,0,0,0,0,6,1977436,1784656
1465317805.662004,0.000216,0,           0,           0,           1,     7238000,48007,509500,490265,54,48314,1105433928,1213502,4666,1105445200,4,6,0,6,12,4,0,0,0,0,0,6,1977436,1784656
1465317805.762264,0.000210,0,           0,           0,           1,     7238000,48007,511260,490265,54,48315,1105433952,1213742,4666,1105445200,4,6,0,6,12,4,0,0,0,0,0,6,1977436,1784656
1465317805.862551,0.000224,0,           0,           0,           1,     7238000,48007,513022,490265,54,48316,1105433976,1213982,4666,1105445200,4,6,0,6,12,4,0,0,0,0,0,6,1977436,1784656
1465317805.962857,0.000227,0,           0,           0,           1,     7238000,48007,514773,490265,54,48317,1105434000,1214222,4666,1105445200,4,6,0,6,12,4,0,0,0,0,0,6,1977436,1784656
1465317806.063185,0.000241,0,           0,           0,           1,     7238000,48007,516533,490265,54,48318,1105434024,1214462,4666,1105445200,4,6,0,6,12,4,0,0,0,0,0,6,1977436,1784656
1465317806.163509,0.000241,0,           0,           0,           1,     7238000,48007,518289,490265,54,48319,1105434048,1214702,4666,1105445200,4,6,0,6,12,4,0,0,0,0,0,6,1977436,1784656
1465317806.263839,0.000251,0,           0,           0,           1,     7238000,48007,520001,490265,54,48320,1105434072,1214942,4666,1105445200,4,6,0,6,12,4,0,0,0,0,0,6,1977436,1784656
1465317806.364064,0.000192,0,           0,           0,           1,     7238000,48007,521766,490265,54,48321,1105434096,1215182,4666,1105445200,4,6,0,6,12,4,0,0,0,0,0,6,1977436,1784656
1465317806.464349,0.000208,0,           0,           0,           1,     7238000,48007,523527,490265,54,48322,1105434120,1215422,4666,1105445200,4,6,0,6,12,4,0,0,0,0,0,6,1977436,1784656
1465317806.564642,0.000213,0,           0,           0,           1,     7238000,48007,525290,490265,54,48323,1105434144,1215662,4666,1105445200,4,6,0,6,12,4,0,0,0,0,0,6,1977436,1784656
1465317806.664892,0.000204,0,           0,           0,           1,     7238000,48007,527055,490265,54,48324,1105434168,1215902,4666,1105445200,4,6,0,6,12,4,0,0,0,0,0,6,1977436,1784656
1465317806.765192,0.000220,0,           0,           0,           1,     7238000,48007,528819,490265,54,48325,1105434192,1216142,4666,1105445200,4,6,0,6,12,4,0,0,0,0,0,6,1977436,1784656
1465317806.865475,0.000199,0,           0,           0,           1,     7238000,48007,530581,490265,54,48326,1105434216,1216382,4666,1105445200,4,6,0,6,12,4,0,0,0,0,0,6,1977436,1784656
1465317806.965769,0.000216,0,           0,           0,           1,     7238000,48007,532345,490265,54,48327,1105434240,1216622,4666,1105445200,4,6,0,6,12,4,0,0,0,0,0,6,1977436,1784656
1465317807.066048,0.000227,0,           0,           0,           1,     7238000,48007,534165,490265,54,48328,1105434264,1216862,4666,1105445200,4,6,0,6,12,4,0,0,0,0,0,6,1977436,1784656
1465317807.166359,0.000231,0,           0,           0,           1,     7238000,48007,535865,490265,54,48329,1105434288,1217102,4666,1105445200,4,6,0,6,12,4,0,0,0,0,0,6,1977436,1784656
1465317807.266699,0.000251,0,           0,           0,           1,     7238000,48007,537568,490265,54,48330,1105434312,1217342,4666,1105445200,4,6,0,6,12,4,0,0,0,0,0,6,1977436,1784656
1465317807.367033,0.000246,0,           0,           0,           1,     7238000,48007,539267,490265,54,48331,1105434336,1217582,4666,1105445200,4,6,0,6,12,4,0,0,0,0,0,6,1977436,1784656
1465317807.467348,0.000232,0,           0,           0,           1,     7238000,48007,541003,490265,54,48332,1105434360,1217822,4666,1105445200,4,6,0,6,12,4,0,0,0,0,0,6,1977436,1784656
1465317807.567615,0.000192,0,           0,           0,           1,     7238000,48007,542756,490265,54,48333,1105434384,1218062,4666,1105445200,4,6,0,6,12,4,0,0,0,0,0,6,1977436,1784656
1465317807.667901,0.000206,0,           0,           0,           1,     7238000,48007,544455,490265,54,48334,1105434408,1218302,4666,1105445200,4,6,0,6,12,4,0,0,0,0,0,6,1977436,1784656
1465317807.768179,0.000201,0,           0,           0,           1,     7238000,48007,546155,490265,54,48335,1105434432,1218542,4666,1105445200,4,6,0,6,12,4,0,0,0,0,0,6,1977436,1784656
1465317807.868469,0.000210,0,           0,           0,           1,     7238000,48007,547855,490265,54,48336,1105434456,1218782,4666,1105445200,4,6,0,6,12,4,0,0,0,0,0,6,1977436,1784656
1465317807.968821,0.000266,0,           0,           0,           1,     7238000,48007,549571,490265,54,48337,1105434480,1219022,4666,1105445200,5,6,0,6,18,4,0,0,0,0,0,6,1977436,1759248
1465317808.069072,0.000219,0,           0,           0,           1,     7238000,48007,551314,490265,54,48338,1105434504,1219262,4666,1105445200,5,6,0,6,18,4,0,0,0,0,0,6,1977436,1759248
1465317808.169348,0.000197,0,           0,           0,           1,     7238000,48007,553076,490265,54,48339,1105434528,1219502,4666,1105445200,5,6,0,6,18,4,0,0,0,0,0,6,1977436,1759248
1465317808.269657,0.000223,0,           0,           0,           1,     7238000,48007,554837,490265,54,48340,1105434552,1219742,4666,1105445200,5,6,0,6,18,4,0,0,0,0,0,6,1977436,1759248
1465317808.369939,0.000202,0,           0,           0,           1,     7238000,48007,556527,490265,54,48341,1105434576,1219982,4666,1105445200,5,6,0,6,18,4,0,0,0,0,0,6,1977436,1759248
1465317808.470219,0.000211,0,           0,           0,           1,     7238000,48007,558237,490265,54,48342,1105434600,1220222,4666,1105445200,5,6,0,6,18,4,0,0,0,0,0,6,1977436,1759248
1465317808.570499,0.000202,0,           0,           0,           1,     7238000,48007,559997,490265,54,48343,1105434624,1220462,4666,1105445200,5,6,0,6,18,4,0,0,0,0,0,6,1977436,1759248
1465317808.670792,0.000216,0,           0,           0,           1,     7238000,48007,561759,490265,54,48344,1105434648,1220702,4666,1105445200,5,6,0,6,18,4,0,0,0,0,0,6,1977436,1759248
1465317808.771087,0.000215,0,           0,           0,           1,     7238000,48007,563519,490265,54,48345,1105434672,1220942,4666,1105445200,5,6,0,6,18,4,0,0,0,0,0,6,1977436,1759248
1465317808.871369,0.000200,0,           0,           0,           1,     7238000,48007,565279,490265,54,48346,1105434696,1221182,4666,1105445200,5,6,0,6,18,4,0,0,0,0,0,6,1977436,1759248
1465317808.971718,0.000261,0,           0,           0,           1,     7238000,48007,567039,490265,54,48347,1105434720,1221422,4666,1105445200,5,6,0,6,18,4,0,0,0,0,0,6,1977436,1759248
1465317809.072029,0.000244,0,           0,           0,           1,     7238000,48007,568744,490265,54,48348,1105434744,1221662,4666,1105445200,5,6,0,6,18,4,0,0,0,0,0,6,1977436,1759248
1465317809.172333,0.000220,0,           0,           0,           1,     7238000,48007,570503,490265,54,48349,1105434768,1221902,4666,1105445200,5,6,0,6,18,4,0,0,0,0,0,6,1977436,1759248
1465317809.272587,0.000210,0,           0,           0,           1,     7238000,48007,572259,490265,54,48350,1105434792,1222142,4666,1105445200,5,6,0,6,18,4,0,0,0,0,0,6,1977436,1759248
1465317809.372873,0.000204,0,           0,           0,           1,     7238000,48007,573965,490265,54,48351,1105434816,1222382,4666,1105445200,5,6,0,6,18,4,0,0,0,0,0,6,1977436,1759248
1465317809.473126,0.000218,0,           0,           0,           1,     7238000,48007,575695,490265,54,48352,1105434840,1222622,4666,1105445200,5,6,0,6,18,4,0,0,0,0,0,6,1977436,1759248
1465317809.573454,0.000247,0,           0,           0,           1,     7238000,48007,577437,490265,54,48353,1105434864,1222862,4666,1105445200,5,6,0,6,18,4,0,0,0,0,0,6,1977436,1759248
1465317809.673814,0.000273,0,           0,           0,           0,           0,48007,579202,490266,54,48354,1105434888,1223102,4666,1105445200,5,6,0,6,18,5,0,0,0,0,0,6,1977436,1815796
1465317809.774138,0.000238,0,           0,           0,           0,           0,48007,580941,490266,54,48355,1105434912,1223342,4666,1105445200,5,6,0,6,18,5,0,0,0,0,0,6,1977436,1815796
1465317809.874431,0.000206,0,           0,           0,           0,           0,48007,582702,490266,54,48356,1105434936,1223582,4666,1105445200,5,6,0,6,18,5,0,0,0,0,0,6,1977436,1815796
1465317809.974735,0.000221,0,           0,           0,           0,           0,48007,584465,490266,54,48357,1105434960,1223822,4666,1105445200,5,6,0,6,18,5,0,0,0,0,0,6,1977436,1815796
1465317810.075063,0.000249,0,           0,           0,           0,           0,48007,586229,490266,54,48358,1105434984,1224062,4666,1105445200,5,6,0,6,18,5,0,0,0,0,0,6,1977436,1815796
1465317810.175354,0.000212,0,           0,           0,           0,           0,48007,587990,490266,54,48359,1105435008,1224302,4666,1105445200,5,6,0,6,18,5,0,0,0,0,0,6,1977436,1815796
1465317810.275670,0.000233,0,           0,           0,           0,           0,48007,589754,490266,54,48360,1105435032,1224542,4666,1105445200,5,6,0,6,18,5,0,0,0,0,0,6,1977436,1815796
1465317810.375949,0.000198,0,           0,           0,           0,           0,48007,591515,490266,54,48361,1105435056,1224782,4666,1105445200,5,6,0,6,18,5,0,0,0,0,0,6,1977436,1815796
1465317810.476246,0.000207,0,           0,           0,           0,           0,48007,593278,490266,54,48362,1105435080,1225022,4666,1105445200,5,6,0,6,18,5,0,0,0,0,0,6,1977436,1815796
1465317810.576563,0.000231,0,           0,           0,           0,           0,48007,595041,490266,54,48363,1105435104,1225262,4666,1105445200,5,6,0,6,18,5,0,0,0,0,0,6,1977436,1815796
1465317810.676837,0.000230,0,           0,           0,           0,           0,48007,596806,490266,54,48364,1105435128,1225502,4666,1105445200,5,6,0,6,18,5,0,0,0,0,0,6,1977436,1815796
1465317810.777146,0.000229,0,           0,           0,           0,           0,48007,598559,490266,54,48365,1105435152,1225742,4666,1105445200,5,6,0,6,18,5,0,0,0,0,0,6,1977436,1815796
1465317810.877436,0.000231,0,           0,           0,           0,           0,48007,600308,490266,54,48366,1105435176,1225982,4666,1105445200,5,6,0,6,18,5,0,0,0,0,0,6,1977436,1815796
1465317810.977706,0.000224,0,           0,           0,           0,           0,48007,602066,490266,54,48367,1105435200,1226222,4666,1105445200,5,6,0,6,18,5,0,0,0,0,0,6,1977436,1815796
1465317811.077974,0.000227,0,           0,           0,           0,           0,48007,603826,490266,54,48368,1105435224,1226462,4666,1105445200,5,6,0,6,18,5,0,0,0,0,0,6,1977436,1815796
1465317811.178318,0.000259,0,           0,           0,           0,           0,48007,605556,490266,54,48369,1105435248,1226702,4666,1105445200,5,6,0,6,18,5,0,0,0,0,0,6,1977436,1815796
1465317811.278674,0.000266,0,           0,           0,           0,           0,48007,607277,490266,54,48370,1105435272,1226942,4666,1105445200,5,6,0,6,18,5,0,0,0,0,0,6,1977436,1815796
1465317811.378978,0.000220,0,           0,           0,           0,           0,48007,609012,490266,54,48371,1105435296,1227182,4666,1105445200,5,6,0,6,18,5,0,0,0,0,0,6,1977436,1815796
1465317811.479275,0.000240,0,           0,           0,           0,           0,48007,610752,490266,54,48372,1105435320,1227422,4666,1105445200,5,6,0,6,18,5,0,0,0,0,0,6,1977436,1815796
1465317811.579594,0.000253,0,           0,           0,           0,           0,48007,612438,490266,54,48373,1105435344,1227662,4666,1105445200,5,6,0,6,18,5,0,0,0,0,0,6,1977436,1815796
1465317811.679943,0.000259,0,           0,           0,           0,           0,48007,614138,490266,54,48374,1105435368,1227902,4666,1105445200,5,6,0,6,18,5,0,0,0,0,0,6,1977436,1815796
1465317811.780266,0.000268,0,           0,           0,           0,           0,48007,615829,490266,54,48375,1105435392,1228142,4666,1105445200,5,6,0,6,18,5,0,0,0,0,0,6,1977436,1815796
1465317811.880494,0.000176,0,           0,           0,           0,           0,48007,617553,490266,54,48376,1105435416,1228382,4666,1105445200,5,6,0,6,18,5,0,0,0,0,0,6,1977436,1815796
1465317811.980788,0.000214,0,           0,           0,           0,           0,48007,619284,490266,54,48377,1105435440,1228622,4666,1105445200,5,6,0,6,18,5,0,0,0,0,0,6,1977436,1815796
1465317812.081070,0.000202,0,           0,           0,           0,           0,48007,621047,490266,54,48378,1105435464,1228862,4666,1105445200,5,6,0,6,18,5,0,0,0,0,0,6,1977436,1815796
1465317812.181386,0.000235,0,           0,           0,           0,           0,48007,622765,490266,54,48379,1105435488,1229102,4666,1105445200,5,6,0,6,18,5,0,0,0,0,0,6,1977436,1815796
1465317812.281714,0.000247,0,           0,           0,           0,           0,48007,624477,490266,54,48380,1105435512,1229342,4666,1105445200,5,6,0,6,18,5,0,0,0,0,0,6,1977436,1815796
1465317812.381974,0.000206,0,           0,           0,           0,           0,48007,626195,490266,54,48381,1105435536,1229582,4666,1105445200,5,6,0,6,18,5,0,0,0,0,0,6,1977436,1815796
1465317812.482280,0.000219,0,           0,           0,           0,           0,48007,627912,490266,54,48382,1105435560,1229822,4666,1105445200,5,6,0,6,18,5,0,0,0,0,0,6,1977436,1815796
1465317812.582598,0.000236,0,           0,           0,           0,           0,48007,629637,490266,54,48383,1105435584,1230062,4666,1105445200,5,6,0,6,18,5,0,0,0,0,0,6,1977436,1815796
1465317812.682895,0.000244,0,           0,           0,           0,           0,48007,631360,490266,54,48384,1105435608,1230302,4666,1105445200,5,6,0,6,18,5,0,0,0,0,0,6,1977436,1815796
1465317812.783231,0.000252,0,           0,           0,           0,           0,48007,633087,490266,54,48385,1105435632,1230542,4666,1105445200,5,6,0,6,18,5,0,0,0,0,0,6,1977436,1815796
1465317812.883508,0.000201,0,           0,           0,           0,           0,48007,634838,490266,54,48386,1105435656,1230782,4666,1105445200,5,6,0,6,18,5,0,0,0,0,0,6,1977436,1815796
1465317812.983811,0.000223,0,           0,           0,           0,           0,48007,636596,490266,54,48387,1105435680,1231022,4666,1105445200,5,6,0,6,18,5,0,0,0,0,0,6,1977436,1815796
1465317813.084119,0.000222,0,           0,           0,           0,           0,48007,638377,490266,54,48388,1105435704,1231262,4666,1105445200,5,6,0,6,18,5,0,0,0,0,0,6,1977436,1815796
1465317813.184474,0.000272,0,           0,           0,           0,           0,48007,640083,490266,54,48389,1105435728,1231502,4666,1105445200,5,6,0,6,18,5,0,0,0,0,0,6,1977436,1815796
1465317813.284788,0.000223,0,           0,           0,           0,           0,48007,641787,490266,54,48390,1105435752,1231742,4666,1105445200,5,6,0,6,18,5,0,0,0,0,0,6,1977436,1815796
1465317813.385059,0.000189,0,           0,           0,           0,           0,48007,643495,490266,54,48391,1105435776,1231982,4666,1105445200,5,6,0,6,18,5,0,0,0,0,0,6,1977436,1815796
1465317813.485337,0.000233,0,           0,           0,           0,           0,48007,645238,490266,54,48392,1105435800,1232222,4666,1105445200,5,6,0,6,18,5,0,0,0,0,0,6,1977436,1815796
1465317813.585620,0.000211,0,           0,           0,           0,           0,48007,646999,490266,54,48393,1105435824,1232462,4666,1105445200,5,6,0,6,18,5,0,0,0,0,0,6,1977436,1815796
1465317813.685976,0.000273,0,           0,           0,           0,           0,48007,648714,490266,54,48394,1105435848,1232702,4666,1105445200,5,6,0,6,18,5,0,0,0,0,0,6,1977436,1815796
1465317813.786273,0.000214,0,           0,           0,           0,           0,48007,650367,490266,54,48395,1105435872,1232942,4666,1105445200,5,6,0,6,18,5,0,0,0,0,0,6,1977436,1815796
1465317813.886609,0.000248,0,           0,           0,           0,           0,48007,652061,490266,54,48396,1105435896,1233182,4666,1105445200,5,6,0,6,18,5,0,0,0,0,0,6,1977436,1815796
1465317813.986885,0.000196,0,           0,           0,           0,           0,48007,653786,490266,54,48397,1105435920,1233422,4666,1105445200,5,6,0,6,18,5,0,0,0,0,0,6,1977436,1815796
1465317814.087179,0.000213,0,           0,           0,           0,           0,48007,655473,490266,54,48398,1105435944,1233662,4666,1105445200,5,6,0,6,18,5,0,0,0,0,0,6,1977436,1815796
1465317814.187481,0.000222,0,           0,           0,           0,           0,48007,657212,490266,54,48399,1105435968,1233902,4666,1105445200,5,6,0,6,18,5,0,0,0,0,0,6,1977436,1815796
1465317814.287847,0.000282,0,           0,           0,           0,           0,48007,658965,490266,54,48400,1105435992,1234142,4666,1105445200,5,6,0,6,18,5,0,0,0,0,0,6,1977436,1815796
1465317814.388093,0.000188,0,           0,           0,           0,           0,48007,660685,490266,54,48401,1105436016,1234382,4666,1105445200,5,6,0,6,18,5,0,0,0,0,0,6,1977436,1815796
1465317814.488400,0.000227,0,           0,           0,           0,           0,48007,662421,490266,54,48402,1105436040,1234622,4666,1105445200,5,6,0,6,18,5,0,0,0,0,0,6,1977436,1815796
1465317814.588707,0.000228,0,           0,           0,           0,           0,48007,664187,490266,54,48403,1105436064,1234862,4666,1105445200,5,6,0,6,18,5,0,0,0,0,0,6,1977436,1815796
1465317814.689001,0.000235,0,           0,           0,           0,           0,48007,665925,490266,54,48404,1105436088,1235102,4666,1105445200,5,6,0,6,18,5,0,0,0,0,0,6,1977436,1815796
1465317814.920011,0.000207,0,           0,           0,           0,           0,48007,669984,490266,54,48405,1105436112,1235342,4666,1105445200,5,6,0,6,18,5,0,0,0,0,0,6,1977436,1815796
1465317815.020333,0.000241,0,           0,           0,           0,           0,48007,671823,490266,54,48406,1105436136,1235582,4666,1105445200,5,6,0,6,18,5,0,0,0,0,0,6,1977436,1815796
1465317815.120656,0.000239,0,           0,           0,           0,           0,48007,673585,490266,54,48407,1105436160,1235822,4666,1105445200,5,6,0,6,18,5,0,0,0,0,0,6,1977436,1815796
1465317815.220896,0.000208,0,           0,           0,           0,           0,48007,675355,490266,54,48408,1105436184,1236062,4666,1105445200,5,6,0,6,18,5,0,0,0,0,0,6,1977436,1815796
1465317815.321178,0.000220,0,           0,           0,           0,           0,48007,677125,490266,54,48409,1105436208,1236302,4666,1105445200,5,6,0,6,18,5,0,0,0,0,0,6,1977436,1815796
1465317815.421481,0.000224,0,           0,           0,           0,           0,48007,678868,490266,54,48410,1105436232,1236542,4666,1105445200,5,6,0,6,18,5,0,0,0,0,0,6,1977436,1815796
1465317815.521743,0.000212,0,           0,           0,           0,           0,48007,680596,490266,54,48411,1105436256,1236782,4666,1105445200,5,6,0,6,18,5,0,0,0,0,0,6,1977436,1815796
1465317815.621998,0.000219,0,           0,           0,           0,           0,48007,682349,490266,54,48412,1105436280,1237022,4666,1105445200,5,6,0,6,18,5,0,0,0,0,0,6,1977436,1815796
1465317815.722297,0.000221,0,           0,           0,           0,           0,48007,684108,490266,54,48413,1105436304,1237262,4666,1105445200,5,6,0,6,18,5,0,0,0,0,0,6,1977436,1815796
1465317815.822597,0.000222,0,           0,           0,           0,           0,48007,685860,490266,54,48414,1105436328,1237502,4666,1105445200,5,6,0,6,18,5,0,0,0,0,0,6,1977436,1815796
1465317815.922859,0.000231,0,           0,           0,           0,           0,48007,687603,490266,54,48415,1105436352,1237742,4666,1105445200,5,6,0,6,18,5,0,0,0,0,0,6,1977436,1815796
1465317816.023144,0.000216,0,           0,           0,           0,           0,48007,689360,490266,54,48416,1105436376,1237982,4666,1105445200,5,6,0,6,18,5,0,0,0,0,0,6,1977436,1815796
1465317816.123446,0.000223,0,           0,           0,           0,           0,48007,691098,490266,54,48417,1105436400,1238222,4666,1105445200,5,6,0,6,18,5,0,0,0,0,0,6,1977436,1815796
1465317816.223745,0.000230,0,           0,           0,           0,           0,48007,692800,490266,54,48418,1105436424,1238462,4666,1105445200,5,6,0,6,18,5,0,0,0,0,0,6,1977436,1815796
1465317816.324067,0.000241,0,           0,           0,           0,           0,48007,694550,490266,54,48419,1105436448,1238702,4666,1105445200,5,6,0,6,18,5,0,0,0,0,0,6,1977436,1815796
1465317816.424407,0.000253,0,           0,           0,           0,           0,48007,696303,490266,54,48420,1105436472,1238942,4666,1105445200,5,6,0,6,18,5,0,0,0,0,0,6,1977436,1815796
1465317816.524712,0.000221,0,           0,           0,           0,           0,48007,698051,490266,54,48421,1105436496,1239182,4666,1105445200,5,6,0,6,18,5,0,0,0,0,0,6,1977436,1815796
1465317816.625016,0.000221,0,           0,           0,           0,           0,48007,699751,490266,54,48422,1105436520,1239422,4666,1105445200,5,6,0,6,18,5,0,0,0,0,0,6,1977436,1815796
1465317816.725264,0.000205,0,           0,           0,           0,           0,48007,701480,490266,54,48423,1105436544,1239662,4666,1105445200,5,6,0,6,18,5,0,0,0,0,0,6,1977436,1815796
1465317816.825577,0.000230,0,           0,           0,           0,           0,48007,703220,490266,54,48424,1105436568,1239902,4666,1105445200,5,6,0,6,18,5,0,0,0,0,0,6,1977436,1815796
1465317816.925811,0.000190,0,           0,           0,           0,           0,48007,704960,490266,54,48425,1105436592,1240142,4666,1105445200,5,6,0,6,18,5,0,0,0,0,0,6,1977436,1815796
1465317817.026111,0.000220,0,           0,           0,           0,           0,48007,706708,490266,54,48426,1105436616,1240382,4666,1105445200,5,6,0,6,18,5,0,0,0,0,0,6,1977436,1815796
1465317817.126374,0.000228,0,           0,           0,           0,           0,48007,708457,490266,54,48427,1105436640,1240622,4666,1105445200,5,6,0,6,18,5,0,0,0,0,0,6,1977436,1815796
1465317817.226685,0.000225,0,           0,           0,           0,           0,48007,710201,490266,54,48428,1105436664,1240862,4666,1105445200,5,6,0,6,18,5,0,0,0,0,0,6,1977436,1815796
1465317817.326980,0.000220,0,           0,           0,           0,           0,48007,711905,490266,54,48429,1105436688,1241102,4666,1105445200,5,6,0,6,18,5,0,0,0,0,0,6,1977436,1815796
1465317817.427285,0.000225,0,           0,           0,           0,           0,48007,713659,490266,54,48430,1105436712,1241342,4666,1105445200,5,6,0,6,18,5,0,0,0,0,0,6,1977436,1815796
1465317817.527588,0.000222,0,           0,           0,           0,           0,48007,715405,490266,54,48431,1105436736,1241582,4666,1105445200,5,6,0,6,18,5,0,0,0,0,0,6,1977436,1815796
1465317817.627886,0.000218,0,           0,           0,           0,           0,48007,717104,490266,54,48432,1105436760,1241822,4666,1105445200,5,6,0,6,18,5,0,0,0,0,0,6,1977436,1815796
1465317817.728186,0.000226,0,           0,           0,           0,           0,48007,718844,490266,54,48433,1105436784,1242062,4666,1105445200,5,6,0,6,18,5,0,0,0,0,0,6,1977436,1815796
1465317817.828486,0.000222,0,           0,           0,           0,           0,48007,720577,490266,54,48434,1105436808,1242302,4666,1105445200,5,6,0,6,18,5,0,0,0,0,0,6,1977436,1815796
1465317817.928757,0.000214,0,           0,           0,           0,           0,48007,722325,490266,54,48435,1105436832,1242542,4666,1105445200,5,6,0,6,18,5,0,0,0,0,0,6,1977436,1815796
1465317818.029054,0.000215,0,           0,           0,           0,           0,48007,724084,490266,54,48436,1105436856,1242782,4666,1105445200,5,6,0,6,18,5,0,0,0,0,0,6,1977436,1815796
1465317818.129361,0.000228,0,           0,           0,           0,           0,48007,725842,490266,54,48437,1105436880,1243022,4666,1105445200,5,6,0,6,18,5,0,0,0,0,0,6,1977436,1815796
1465317818.229660,0.000218,0,           0,           0,           0,           0,48007,727589,490266,54,48438,1105436904,1243262,4666,1105445200,5,6,0,6,18,5,0,0,0,0,0,6,1977436,1815796
1465317818.329951,0.000223,0,           0,           0,           0,           0,48007,729318,490266,54,48439,1105436928,1243502,4666,1105445200,5,6,0,6,18,5,0,0,0,0,0,6,1977436,1815796
1465317818.430254,0.000224,0,           0,           0,           0,           0,48007,731072,490266,54,48440,1105436952,1243742,4666,1105445200,5,6,0,6,18,5,0,0,0,0,0,6,1977436,1815796
1465317818.530604,0.000262,0,           0,           0,           0,           0,48007,732825,490266,54,48441,1105436976,1243982,4666,1105445200,5,6,0,6,18,5,0,0,0,0,0,6,1977436,1815796
1465317818.630921,0.000234,0,           0,           0,           0,           0,48007,734583,490266,54,48442,1105437000,1244222,4666,1105445200,5,6,0,6,18,5,0,0,0,0,0,6,1977436,1815796
1465317818.731227,0.000260,0,           0,           0,           0,           0,48007,736328,490266,54,48443,1105437024,1244462,4666,1105445200,5,6,0,6,18,5,0,0,0,0,0,6,1977436,1815796
1465317818.831573,0.000260,0,           0,           0,           0,           0,48007,738072,490266,54,48444,1105437048,1244702,4666,1105445200,5,6,0,6,18,5,0,0,0,0,0,6,1977436,1815796
1465317818.931903,0.000241,0,           0,           0,           0,           0,48007,739779,490266,54,48445,1105437072,1244942,4666,1105445200,5,6,0,6,18,5,0,0,0,0,0,6,1977436,1815796
1465317819.032230,0.000239,0,           0,           0,           0,           0,48007,741525,490266,54,48446,1105437096,1245182,4666,1105445200,5,6,0,6,18,5,0,0,0,0,0,6,1977436,1815796
1465317819.132570,0.000251,0,           0,           0,           0,           0,48007,743260,490266,54,48447,1105437120,1245422,4666,1105445200,5,6,0,6,18,5,0,0,0,0,0,6,1977436,1815796
1465317819.232927,0.000267,0,           0,           0,           0,           0,48007,744979,490266,54,48448,1105437144,1245662,4666,1105445200,5,6,0,6,18,5,0,0,0,0,0,6,1977436,1815796
1465317819.333280,0.000263,0,           0,           0,           0,           0,48007,746711,490266,54,48449,1105437168,1245902,4666,1105445200,5,6,0,6,18,5,0,0,0,0,0,6,1977436,1815796
1465317819.433617,0.000247,0,           0,           0,           0,           0,48007,748455,490266,54,48450,1105437192,1246142,4666,1105445200,5,6,0,6,18,5,0,0,0,0,0,6,1977436,1815796
1465317819.533960,0.000264,0,           0,           0,           0,           0,48007,750155,490266,54,48451,1105437216,1246382,4666,1105445200,5,6,0,6,18,5,0,0,0,0,0,6,1977436,1815796
1465317819.634328,0.000279,0,           0,           0,           0,           0,48007,751892,490266,54,48452,1105437240,1246622,4666,1105445200,5,6,0,6,18,5,0,0,0,0,0,6,1977436,1815796
1465317819.734611,0.000198,0,           0,           0,           0,           0,48007,753639,490266,54,48453,1105437264,1246862,4666,1105445200,5,6,0,6,18,5,0,0,0,0,0,6,1977436,1815796
1465317819.834960,0.000256,0,           0,           0,           0,           0,48007,755361,490266,54,48454,1105437288,1247102,4666,1105445200,5,6,0,6,18,5,0,0,0,0,0,6,1977436,1815796
1465317819.935334,0.000280,0,           0,           0,           0,           0,48007,757096,490266,54,48455,1105437312,1247342,4666,1105445200,5,6,0,6,18,5,0,0,0,0,0,6,1977436,1815796
1465317820.035633,0.000206,0,           0,           0,           0,           0,48007,758830,490266,54,48456,1105437336,1247582,4666,1105445200,5,6,0,6,18,5,0,0,0,0,0,6,1977436,1815796
1465317820.135895,0.000186,0,           0,           0,           0,           0,48007,760586,490266,54,48457,1105437360,1247822,4666,1105445200,5,6,0,6,18,5,0,0,0,0,0,6,1977436,1815796
1465317820.236186,0.000211,0,           0,           0,           0,           0,48007,762349,490266,54,48458,1105437384,1248062,4666,1105445200,5,6,0,6,18,5,0,0,0,0,0,6,1977436,1815796
1465317820.336469,0.000202,0,           0,           0,           0,           0,48007,764122,490266,54,48459,1105437408,1248302,4666,1105445200,5,6,0,6,18,5,0,0,0,0,0,6,1977436,1815796
1465317820.436751,0.000203,0,           0,           0,           0,           0,48007,765881,490266,54,48460,1105437432,1248542,4666,1105445200,5,6,0,6,18,5,0,0,0,0,0,6,1977436,1815796
1465317820.537077,0.000238,0,           0,           0,           0,           0,48007,767646,490266,54,48461,1105437456,1248782,4666,1105445200,5,6,0,6,18,5,0,0,0,0,0,6,1977436,1815796
1465317820.637390,0.000233,0,           0,           0,           0,           0,48007,769425,490266,54,48462,1105437480,1249022,4666,1105445200,5,6,0,6,18,5,0,0,0,0,0,6,1977436,1815796
1465317820.737657,0.000187,0,           0,           0,           0,           0,48007,771193,490266,54,48463,1105437504,1249262,4666,1105445200,5,6,0,6,18,5,0,0,0,0,0,6,1977436,1815796
1465317820.837932,0.000196,0,           0,           0,           0,           0,48007,772961,490266,54,48464,1105437528,1249502,4666,1105445200,5,6,0,6,18,5,0,0,0,0,0,6,1977436,1815796
1465317820.938212,0.000202,0,           0,           0,           0,           0,48007,774725,490266,54,48465,1105437552,1249742,4666,1105445200,5,6,0,6,18,5,0,0,0,0,0,6,1977436,1815796
1465317821.038486,0.000194,0,           0,           0,           0,           0,48007,776481,490266,54,48466,1105437576,1249982,4666,1105445200,5,6,0,6,18,5,0,0,0,0,0,6,1977436,1815796
1465317821.138763,0.000198,0,           0,           0,           0,           0,48007,778253,490266,54,48467,1105437600,1250222,4666,1105445200,5,6,0,6,18,5,0,0,0,0,0,6,1977436,1815796
1465317821.239050,0.000208,0,           0,           0,           0,           0,48007,780023,490266,54,48468,1105437624,1250462,4666,1105445200,5,6,0,6,18,5,0,0,0,0,0,6,1977436,1815796
1465317821.339355,0.000219,0,           0,           0,           0,           0,48007,781797,490266,54,48469,1105437648,1250702,4666,1105445200,5,6,0,6,18,5,0,0,0,0,0,6,1977436,1815796
1465317821.439583,0.000185,0,           0,           0,           0,           0,48007,783562,490266,54,48470,1105437672,1250942,4666,1105445200,5,6,0,6,18,5,0,0,0,0,0,6,1977436,1815796
1465317821.539828,0.000186,0,           0,           0,           0,           0,48007,785335,490266,54,48471,1105437696,1251182,4666,1105445200,5,6,0,6,18,5,0,0,0,0,0,6,1977436,1815796
1465317821.640119,0.000205,0,           0,           0,           0,           0,48007,787095,490266,54,48472,1105437720,1251422,4666,1105445200,5,6,0,6,18,5,0,0,0,0,0,6,1977436,1815796
1465317821.740448,0.000241,0,           0,           0,           0,           0,48007,788838,490266,54,48473,1105437744,1251662,4666,1105445200,5,6,0,6,18,5,0,0,0,0,0,6,1977436,1815796
1465317821.840714,0.000223,0,           0,           0,           0,           0,48007,790544,490266,54,48474,1105437768,1251902,4666,1105445200,5,6,0,6,18,5,0,0,0,0,0,6,1977436,1815796
1465317821.941047,0.000243,0,           0,           0,           0,           0,48007,792252,490266,54,48475,1105437792,1252142,4666,1105445200,5,6,0,6,18,5,0,0,0,0,0,6,1977436,1815796
1465317822.041385,0.000252,0,           0,           0,           0,           0,48007,793983,490266,54,48476,1105437816,1252382,4666,1105445200,5,6,0,6,18,5,0,0,0,0,0,6,1977436,1815796
1465317822.141710,0.000243,0,           0,           0,           0,           0,48007,795684,490266,54,48477,1105437840,1252622,4666,1105445200,5,6,0,6,18,5,0,0,0,0,0,6,1977436,1815796
1465317822.242029,0.000236,0,           0,           0,           0,           0,48007,797425,490266,54,48478,1105437864,1252862,4666,1105445200,5,6,0,6,18,5,0,0,0,0,0,6,1977436,1815796
1465317822.342328,0.000213,0,           0,           0,           0,           0,48007,799144,490266,54,48479,1105437888,1253102,4666,1105445200,5,6,0,6,18,5,0,0,0,0,0,6,1977436,1815796
1465317822.442654,0.000244,0,           0,           0,           0,           0,48007,800857,490266,54,48480,1105437912,1253342,4666,1105445200,5,6,0,6,18,5,0,0,0,0,0,6,1977436,1815796
1465317822.543011,0.000267,0,           0,           0,           0,           0,48007,802502,490266,54,48481,1105437936,1253582,4666,1105445200,5,6,0,6,18,5,0,0,0,0,0,6,1977436,1815796
1465317822.643391,0.000288,0,           0,           0,           0,           0,48007,804208,490266,54,48482,1105437960,1253822,4666,1105445200,5,6,0,6,18,5,0,0,0,0,0,6,1977436,1815796
1465317822.743696,0.000237,0,           0,           0,           0,           0,48007,805926,490266,54,48483,1105437984,1254062,4666,1105445200,5,6,0,6,18,5,0,0,0,0,0,6,1977436,1815796
1465317822.844020,0.000237,0,           0,           0,           0,           0,48007,807631,490266,54,48484,1105438008,1254302,4666,1105445200,5,6,0,6,18,5,0,0,0,0,0,6,1977436,1815796
1465317822.944351,0.000244,0,           0,           0,           0,           0,48007,809337,490266,54,48485,1105438032,1254542,4666,1105445200,5,6,0,6,18,5,0,0,0,0,0,6,1977436,1815796
1465317823.044694,0.000255,0,           0,           0,           0,           0,48007,811043,490266,54,48486,1105438056,1254782,4666,1105445200,5,6,0,6,18,5,0,0,0,0,0,6,1977436,1815796
1465317823.144989,0.000215,0,           0,           0,           0,           0,48007,812750,490266,54,48487,1105438080,1255022,4666,1105445200,5,6,0,6,18,5,0,0,0,0,0,6,1977436,1815796
1465317823.245296,0.000249,0,           0,           0,           0,           0,48007,814464,490266,54,48488,1105438104,1255262,4666,1105445200,5,6,0,6,18,5,0,0,0,0,0,6,1977436,1815796
1465317823.345607,0.000229,0,           0,           0,           0,           0,48007,816193,490266,54,48489,1105438128,1255502,4666,1105445200,5,6,0,6,18,5,0,0,0,0,0,6,1977436,1815796
1465317823.445912,0.000223,0,           0,           0,           0,           0,48007,817927,490266,54,48490,1105438152,1255742,4666,1105445200,5,6,0,6,18,5,0,0,0,0,0,6,1977436,1815796
1465317823.546247,0.000251,0,           0,           0,           0,           0,48007,819607,490266,54,48491,1105438176,1255982,4666,1105445200,5,6,0,6,18,5,0,0,0,0,0,6,1977436,1815796
1465317823.646599,0.000264,0,           0,           0,           0,           0,48007,821352,490266,54,48492,1105438200,1256222,4666,1105445200,5,6,0,6,18,5,0,0,0,0,0,6,1977436,1815796
1465317823.746903,0.000225,0,           0,           0,           0,           0,48007,823110,490266,54,48493,1105438224,1256462,4666,1105445200,5,6,0,6,18,5,0,0,0,0,0,6,1977436,1815796
1465317823.847219,0.000228,0,           0,           0,           0,           0,48007,824869,490266,54,48494,1105438248,1256702,4666,1105445200,5,6,0,6,18,5,0,0,0,0,0,6,1977436,1815796
1465317823.947519,0.000226,0,           0,           0,           0,           0,48007,826614,490266,54,48495,1105438272,1256942,4666,1105445200,5,6,0,6,18,5,0,0,0,0,0,6,1977436,1815796
1465317824.047828,0.000227,0,           0,           0,           0,           0,48007,828373,490266,54,48496,1105438296,1257182,4666,1105445200,5,6,0,6,18,5,0,0,0,0,0,6,1977436,1815796
1465317824.148127,0.000236,0,           0,           0,           0,           0,48007,830125,490266,54,48497,1105438320,1257422,4666,1105445200,5,6,0,6,18,5,0,0,0,0,0,6,1977436,1815796
1465317824.248398,0.000226,0,           0,           0,           0,           0,48007,831865,490266,54,48498,1105438344,1257662,4666,1105445200,5,6,0,6,18,5,0,0,0,0,0,6,1977436,1815796
1465317824.348658,0.000219,0,           0,           0,           0,           0,48007,833619,490266,54,48499,1105438368,1257902,4666,1105445200,5,6,0,6,18,5,0,0,0,0,0,6,1977436,1815796
1465317824.448964,0.000224,0,           0,           0,           0,           0,48007,835378,490266,54,48500,1105438392,1258142,4666,1105445200,5,6,0,6,18,5,0,0,0,0,0,6,1977436,1815796
1465317824.549259,0.000216,0,           0,           0,           0,           0,48007,837141,490266,54,48501,1105438416,1258382,4666,1105445200,5,6,0,6,18,5,0,0,0,0,0,6,1977436,1815796
1465317824.649517,0.000228,0,           0,           0,           0,           0,48007,838896,490266,54,48502,1105438440,1258622,4666,1105445200,5,6,0,6,18,5,0,0,0,0,0,6,1977436,1815796
1465317824.749803,0.000228,0,           0,           0,           0,           0,48007,840651,490266,54,48503,1105438464,1258862,4666,1105445200,5,6,0,6,18,5,0,0,0,0,0,6,1977436,1815796
1465317824.850065,0.000228,0,           0,           0,           0,           0,48007,842403,490266,54,48504,1105438488,1259102,4666,1105445200,5,6,0,6,18,5,0,0,0,0,0,6,1977436,1815796
1465317824.950334,0.000190,0,           0,           0,           0,           0,48007,844158,490266,54,48505,1105438512,1259342,4666,1105445200,5,6,0,6,18,5,0,0,0,0,0,6,1977436,1815796
1465317825.050620,0.000208,0,           0,           0,           0,           0,48007,846003,490266,54,48506,1105438536,1259582,4666,1105445200,5,6,0,6,18,5,0,0,0,0,0,6,1977436,1815796
1465317825.150916,0.000228,0,           0,           0,           0,           0,48007,847756,490266,54,48507,1105438560,1259822,4666,1105445200,5,6,0,6,18,5,0,0,0,0,0,6,1977436,1815796
